{
  "project_info": {
    "project_number": "1093965783502",
    "firebase_url": "https://fir-demo-8c267.firebaseio.com",
    "project_id": "fir-demo-8c267",
    "storage_bucket": "fir-demo-8c267.appspot.com"
  },
  "client": [
    {
      "client_info": {
        "mobilesdk_app_id": "1:1093965783502:android:429beb00632bd15ba74b9f",
        "android_client_info": {
          "package_name": "com.example.firebaseuser"
        }
      },
      "oauth_client": [
        {
          "client_id": "1093965783502-ifkp6ei1v0etot71il51p9b4tghpsn3m.apps.googleusercontent.com",
          "client_type": 3
        }
      ],
      "api_key": [
        {
          "current_key": "AIzaSyCRBeAuBhYlrc4OTFB4pleG8bsy7yiF2A8"
        }
      ],
      "services": {
        "appinvite_service": {
          "other_platform_oauth_client": [
            {
              "client_id": "1093965783502-ifkp6ei1v0etot71il51p9b4tghpsn3m.apps.googleusercontent.com",
              "client_type": 3
            }
          ]
        }
      }
    },
    {
      "client_info": {
        "mobilesdk_app_id": "1:1093965783502:android:d4d0dd6a6e8a8c4a",
        "android_client_info": {
          "package_name": "j.com.firebasedemo"
        }
      },
      "oauth_client": [
        {
          "client_id": "1093965783502-ifkp6ei1v0etot71il51p9b4tghpsn3m.apps.googleusercontent.com",
          "client_type": 3
        }
      ],
      "api_key": [
        {
          "current_key": "AIzaSyCRBeAuBhYlrc4OTFB4pleG8bsy7yiF2A8"
        }
      ],
      "services": {
        "appinvite_service": {
          "other_platform_oauth_client": [
            {
              "client_id": "1093965783502-ifkp6ei1v0etot71il51p9b4tghpsn3m.apps.googleusercontent.com",
              "client_type": 3
            }
          ]
        }
      }
    }
  ],
  "configuration_version": "1"
}