{
  "project_info": {
    "project_number": "531495320603",
    "firebase_url": "https://adminapp-323e3.firebaseio.com",
    "project_id": "adminapp-323e3",
    "storage_bucket": "adminapp-323e3.appspot.com"
  },
  "client": [
    {
      "client_info": {
        "mobilesdk_app_id": "1:531495320603:android:472cff4132167a19",
        "android_client_info": {
          "package_name": "com.example.admin_app"
        }
      },
      "oauth_client": [
        {
          "client_id": "531495320603-1k4vqlk0j4ihijocdqp85llv8hsl9s7m.apps.googleusercontent.com",
          "client_type": 3
        }
      ],
      "api_key": [
        {
          "current_key": "AIzaSyBo3F04wpcbYABgoDLO7y7_ygUHvTHq3aI"
        }
      ],
      "services": {
        "appinvite_service": {
          "other_platform_oauth_client": [
            {
              "client_id": "531495320603-1k4vqlk0j4ihijocdqp85llv8hsl9s7m.apps.googleusercontent.com",
              "client_type": 3
            }
          ]
        }
      }
    },
    {
      "client_info": {
        "mobilesdk_app_id": "1:531495320603:android:2f70cd99a7a70b82398cbe",
        "android_client_info": {
          "package_name": "com.example.cityhero"
        }
      },
      "oauth_client": [
        {
          "client_id": "531495320603-1k4vqlk0j4ihijocdqp85llv8hsl9s7m.apps.googleusercontent.com",
          "client_type": 3
        }
      ],
      "api_key": [
        {
          "current_key": "AIzaSyBo3F04wpcbYABgoDLO7y7_ygUHvTHq3aI"
        }
      ],
      "services": {
        "appinvite_service": {
          "other_platform_oauth_client": [
            {
              "client_id": "531495320603-1k4vqlk0j4ihijocdqp85llv8hsl9s7m.apps.googleusercontent.com",
              "client_type": 3
            }
          ]
        }
      }
    },
    {
      "client_info": {
        "mobilesdk_app_id": "1:531495320603:android:8d3579751881f404398cbe",
        "android_client_info": {
          "package_name": "com.example.cityhero_admiin"
        }
      },
      "oauth_client": [
        {
          "client_id": "531495320603-1k4vqlk0j4ihijocdqp85llv8hsl9s7m.apps.googleusercontent.com",
          "client_type": 3
        }
      ],
      "api_key": [
        {
          "current_key": "AIzaSyBo3F04wpcbYABgoDLO7y7_ygUHvTHq3aI"
        }
      ],
      "services": {
        "appinvite_service": {
          "other_platform_oauth_client": [
            {
              "client_id": "531495320603-1k4vqlk0j4ihijocdqp85llv8hsl9s7m.apps.googleusercontent.com",
              "client_type": 3
            }
          ]
        }
      }
    }
  ],
  "configuration_version": "1"
}